{
  "Amikacin": {
    "accuracy": 0.7117144600366077,
    "precision": 0.059063136456211814,
    "recall": 0.7341772151898734,
    "f1": 0.10933081998114987,
    "auc": 0.7801666660071778
  },
  "Ampicillin": {
    "accuracy": 0.8169615619280048,
    "precision": 0.963914373088685,
    "recall": 0.7444496929617384,
    "f1": 0.840085287846482,
    "auc": 0.9017638273001831
  },
  "Aztreonam": {
    "accuracy": 0.650091519219036,
    "precision": 0.006932409012131715,
    "recall": 0.8888888888888888,
    "f1": 0.013757523645743765,
    "auc": 0.7822473743244621
  },
  "Cefazolin": {
    "accuracy": 0.6168395363026236,
    "precision": 0.41234140715109574,
    "recall": 0.7510504201680672,
    "f1": 0.5323901712583767,
    "auc": 0.7078122629103233
  },
  "Cefepime": {
    "accuracy": 0.6299572910311165,
    "precision": 0.08566853482786228,
    "recall": 0.601123595505618,
    "f1": 0.14996496145760335,
    "auc": 0.6733417905038058
  },
  "Cefoxitin": {
    "accuracy": 0.760829774252593,
    "precision": 0.30997624703087884,
    "recall": 0.5625,
    "f1": 0.39969372128637054,
    "auc": 0.7320995852020684
  },
  "Cefpodoxime": {
    "accuracy": 0.9807809640024405,
    "precision": 0.0,
    "recall": 0.0,
    "f1": 0.0,
    "auc": 0.5
  },
  "Ceftazidime": {
    "accuracy": 0.5427089688834655,
    "precision": 0.15033072760072158,
    "recall": 0.7440476190476191,
    "f1": 0.25012506253126565,
    "auc": 0.6684997248389499
  },
  "Ceftriaxone": {
    "accuracy": 0.5829774252593044,
    "precision": 0.20280612244897958,
    "recall": 0.7310344827586207,
    "f1": 0.3175237144283575,
    "auc": 0.7098434954172579
  },
  "Ciprofloxacin": {
    "accuracy": 0.7193410616229409,
    "precision": 0.5088868101028999,
    "recall": 0.5793397231096912,
    "f1": 0.5418326693227091,
    "auc": 0.7415161536041407
  },
  "Clarithromycin": {
    "accuracy": 0.7336790726052471,
    "precision": 0.005720823798627002,
    "recall": 0.5555555555555556,
    "f1": 0.011325028312570781,
    "auc": 0.7268107814146358
  },
  "Colistin": {
    "accuracy": 0.9359365466748018,
    "precision": 0.0,
    "recall": 0.0,
    "f1": 0.0,
    "auc": 0.5
  },
  "Ertapenem": {
    "accuracy": 0.7010372178157414,
    "precision": 0.025075225677031094,
    "recall": 0.7575757575757576,
    "f1": 0.04854368932038835,
    "auc": 0.7370593453798384
  },
  "Erythromycin": {
    "accuracy": 0.7385600976205003,
    "precision": 0.48523489932885905,
    "recall": 0.8892988929889298,
    "f1": 0.6278766825879287,
    "auc": 0.8360111674139055
  },
  "Ethambutol": {
    "accuracy": 0.0,
    "precision": 0.0,
    "recall": 0.0,
    "f1": 0.0,
    "auc": 0.0
  },
  "Gentamicin": {
    "accuracy": 0.6226357535082367,
    "precision": 0.25,
    "recall": 0.6517690875232774,
    "f1": 0.3613835828600929,
    "auc": 0.670250088829737
  },
  "Levofloxacin": {
    "accuracy": 0.6809029896278218,
    "precision": 0.4900181488203267,
    "recall": 0.52734375,
    "f1": 0.5079962370649105,
    "auc": 0.7029735764890195
  },
  "Linezolid": {
    "accuracy": 0.7339841366687004,
    "precision": 0.029213483146067417,
    "recall": 0.7647058823529411,
    "f1": 0.05627705627705628,
    "auc": 0.8164484659461813
  },
  "Meropenem": {
    "accuracy": 0.7654057352043929,
    "precision": 0.07017543859649122,
    "recall": 0.6746987951807228,
    "f1": 0.1271282633371169,
    "auc": 0.786713049380621
  },
  "Metronidazole": {
    "accuracy": 0.5597925564368518,
    "precision": 0.003453038674033149,
    "recall": 1.0,
    "f1": 0.006882312456985546,
    "auc": 0.7964864039107852
  },
  "Minocycline": {
    "accuracy": 0.7208663819402075,
    "precision": 0.011943539630836048,
    "recall": 0.6875,
    "f1": 0.023479188900747065,
    "auc": 0.773135729613734
  },
  "Moxifloxacin": {
    "accuracy": 0.6262965222696766,
    "precision": 0.24192485168094924,
    "recall": 0.830316742081448,
    "f1": 0.3746809596733027,
    "auc": 0.7606097907319594
  },
  "Nitrofurantoin": {
    "accuracy": 0.7638804148871263,
    "precision": 0.35397196261682246,
    "recall": 0.5782442748091603,
    "f1": 0.43913043478260866,
    "auc": 0.7749082528120097
  },
  "Penicillin": {
    "accuracy": 0.8276388041488713,
    "precision": 0.7007419620774938,
    "recall": 0.8079847908745247,
    "f1": 0.7505518763796909,
    "auc": 0.898017381857686
  },
  "Rifampin": {
    "accuracy": 0.735509456985967,
    "precision": 0.02378255945639864,
    "recall": 0.8076923076923077,
    "f1": 0.0462046204620462,
    "auc": 0.8210509508941244
  },
  "Vancomycin": {
    "accuracy": 0.75137278828554,
    "precision": 0.11804767309875142,
    "recall": 0.7323943661971831,
    "f1": 0.20332355816226785,
    "auc": 0.8072688362316758
  }
}